[{"model": "admin.logentry", "pk": 1, "fields": {"action_time": "2026-04-27T12:31:14.900Z", "user": 1, "content_type": 3, "object_id": "1", "object_repr": "peito", "action_flag": 1, "change_message": "[{\"added\": {}}]"}}, {"model": "admin.logentry", "pk": 2, "fields": {"action_time": "2026-04-27T12:31:55.892Z", "user": 1, "content_type": 3, "object_id": "1", "object_repr": "peito", "action_flag": 3, "change_message": ""}}, {"model": "admin.logentry", "pk": 3, "fields": {"action_time": "2026-04-27T12:33:10.739Z", "user": 1, "content_type": 3, "object_id": "2", "object_repr": "Peito", "action_flag": 1, "change_message": "[{\"added\": {}}]"}}, {"model": "admin.logentry", "pk": 4, "fields": {"action_time": "2026-04-27T12:33:19.515Z", "user": 1, "content_type": 3, "object_id": "3", "object_repr": "Costas", "action_flag": 1, "change_message": "[{\"added\": {}}]"}}, {"model": "admin.logentry", "pk": 5, "fields": {"action_time": "2026-04-27T12:33:30.314Z", "user": 1, "content_type": 3, "object_id": "4", "object_repr": "Pernas - anterior", "action_flag": 1, "change_message": "[{\"added\": {}}]"}}, {"model": "admin.logentry", "pk": 6, "fields": {"action_time": "2026-04-27T12:33:38.959Z", "user": 1, "content_type": 3, "object_id": "5", "object_repr": "Pernas - posterior", "action_flag": 1, "change_message": "[{\"added\": {}}]"}}, {"model": "admin.logentry", "pk": 7, "fields": {"action_time": "2026-04-27T12:33:45.354Z", "user": 1, "content_type": 3, "object_id": "6", "object_repr": "Glúteos", "action_flag": 1, "change_message": "[{\"added\": {}}]"}}, {"model": "admin.logentry", "pk": 8, "fields": {"action_time": "2026-04-27T12:33:50.735Z", "user": 1, "content_type": 3, "object_id": "7", "object_repr": "Ombros", "action_flag": 1, "change_message": "[{\"added\": {}}]"}}, {"model": "admin.logentry", "pk": 9, "fields": {"action_time": "2026-04-27T12:33:54.759Z", "user": 1, "content_type": 3, "object_id": "8", "object_repr": "Bíceps", "action_flag": 1, "change_message": "[{\"added\": {}}]"}}, {"model": "admin.logentry", "pk": 10, "fields": {"action_time": "2026-04-27T12:33:59.139Z", "user": 1, "content_type": 3, "object_id": "9", "object_repr": "Tríceps", "action_flag": 1, "change_message": "[{\"added\": {}}]"}}, {"model": "admin.logentry", "pk": 11, "fields": {"action_time": "2026-04-27T12:34:06.200Z", "user": 1, "content_type": 3, "object_id": "10", "object_repr": "Panturrilhas", "action_flag": 1, "change_message": "[{\"added\": {}}]"}}, {"model": "admin.logentry", "pk": 12, "fields": {"action_time": "2026-04-27T12:34:15.504Z", "user": 1, "content_type": 3, "object_id": "11", "object_repr": "Abdominal", "action_flag": 1, "change_message": "[{\"added\": {}}]"}}, {"model": "admin.logentry", "pk": 13, "fields": {"action_time": "2026-04-29T16:25:02.296Z", "user": 1, "content_type": 16, "object_id": "5", "object_repr": "Flexão de braço", "action_flag": 1, "change_message": "[{\"added\": {}}, {\"added\": {\"name\": \"variacao exercicio\", \"object\": \"Flex\\u00e3o de bra\\u00e7o - Flex\\u00e3o de bra\\u00e7o\"}}]"}}, {"model": "auth.permission", "pk": 1, "fields": {"name": "Can add log entry", "content_type": 1, "codename": "add_logentry"}}, {"model": "auth.permission", "pk": 2, "fields": {"name": "Can change log entry", "content_type": 1, "codename": "change_logentry"}}, {"model": "auth.permission", "pk": 3, "fields": {"name": "Can delete log entry", "content_type": 1, "codename": "delete_logentry"}}, {"model": "auth.permission", "pk": 4, "fields": {"name": "Can view log entry", "content_type": 1, "codename": "view_logentry"}}, {"model": "auth.permission", "pk": 5, "fields": {"name": "Can add permission", "content_type": 2, "codename": "add_permission"}}, {"model": "auth.permission", "pk": 6, "fields": {"name": "Can change permission", "content_type": 2, "codename": "change_permission"}}, {"model": "auth.permission", "pk": 7, "fields": {"name": "Can delete permission", "content_type": 2, "codename": "delete_permission"}}, {"model": "auth.permission", "pk": 8, "fields": {"name": "Can view permission", "content_type": 2, "codename": "view_permission"}}, {"model": "auth.permission", "pk": 9, "fields": {"name": "Can add group", "content_type": 3, "codename": "add_group"}}, {"model": "auth.permission", "pk": 10, "fields": {"name": "Can change group", "content_type": 3, "codename": "change_group"}}, {"model": "auth.permission", "pk": 11, "fields": {"name": "Can delete group", "content_type": 3, "codename": "delete_group"}}, {"model": "auth.permission", "pk": 12, "fields": {"name": "Can view group", "content_type": 3, "codename": "view_group"}}, {"model": "auth.permission", "pk": 13, "fields": {"name": "Can add content type", "content_type": 4, "codename": "add_contenttype"}}, {"model": "auth.permission", "pk": 14, "fields": {"name": "Can change content type", "content_type": 4, "codename": "change_contenttype"}}, {"model": "auth.permission", "pk": 15, "fields": {"name": "Can delete content type", "content_type": 4, "codename": "delete_contenttype"}}, {"model": "auth.permission", "pk": 16, "fields": {"name": "Can view content type", "content_type": 4, "codename": "view_contenttype"}}, {"model": "auth.permission", "pk": 17, "fields": {"name": "Can add session", "content_type": 5, "codename": "add_session"}}, {"model": "auth.permission", "pk": 18, "fields": {"name": "Can change session", "content_type": 5, "codename": "change_session"}}, {"model": "auth.permission", "pk": 19, "fields": {"name": "Can delete session", "content_type": 5, "codename": "delete_session"}}, {"model": "auth.permission", "pk": 20, "fields": {"name": "Can view session", "content_type": 5, "codename": "view_session"}}, {"model": "auth.permission", "pk": 21, "fields": {"name": "Can add exercicio", "content_type": 6, "codename": "add_exercicio"}}, {"model": "auth.permission", "pk": 22, "fields": {"name": "Can change exercicio", "content_type": 6, "codename": "change_exercicio"}}, {"model": "auth.permission", "pk": 23, "fields": {"name": "Can delete exercicio", "content_type": 6, "codename": "delete_exercicio"}}, {"model": "auth.permission", "pk": 24, "fields": {"name": "Can view exercicio", "content_type": 6, "codename": "view_exercicio"}}, {"model": "auth.permission", "pk": 25, "fields": {"name": "Can add grupo muscular", "content_type": 7, "codename": "add_grupomuscular"}}, {"model": "auth.permission", "pk": 26, "fields": {"name": "Can change grupo muscular", "content_type": 7, "codename": "change_grupomuscular"}}, {"model": "auth.permission", "pk": 27, "fields": {"name": "Can delete grupo muscular", "content_type": 7, "codename": "delete_grupomuscular"}}, {"model": "auth.permission", "pk": 28, "fields": {"name": "Can view grupo muscular", "content_type": 7, "codename": "view_grupomuscular"}}, {"model": "auth.permission", "pk": 29, "fields": {"name": "Can add user", "content_type": 8, "codename": "add_usuario"}}, {"model": "auth.permission", "pk": 30, "fields": {"name": "Can change user", "content_type": 8, "codename": "change_usuario"}}, {"model": "auth.permission", "pk": 31, "fields": {"name": "Can delete user", "content_type": 8, "codename": "delete_usuario"}}, {"model": "auth.permission", "pk": 32, "fields": {"name": "Can view user", "content_type": 8, "codename": "view_usuario"}}, {"model": "auth.permission", "pk": 33, "fields": {"name": "Can add aluno", "content_type": 9, "codename": "add_aluno"}}, {"model": "auth.permission", "pk": 34, "fields": {"name": "Can change aluno", "content_type": 9, "codename": "change_aluno"}}, {"model": "auth.permission", "pk": 35, "fields": {"name": "Can delete aluno", "content_type": 9, "codename": "delete_aluno"}}, {"model": "auth.permission", "pk": 36, "fields": {"name": "Can view aluno", "content_type": 9, "codename": "view_aluno"}}, {"model": "auth.permission", "pk": 37, "fields": {"name": "Can add avaliacao fisica", "content_type": 10, "codename": "add_avaliacaofisica"}}, {"model": "auth.permission", "pk": 38, "fields": {"name": "Can change avaliacao fisica", "content_type": 10, "codename": "change_avaliacaofisica"}}, {"model": "auth.permission", "pk": 39, "fields": {"name": "Can delete avaliacao fisica", "content_type": 10, "codename": "delete_avaliacaofisica"}}, {"model": "auth.permission", "pk": 40, "fields": {"name": "Can view avaliacao fisica", "content_type": 10, "codename": "view_avaliacaofisica"}}, {"model": "auth.permission", "pk": 41, "fields": {"name": "Can add avaliacao crianca", "content_type": 11, "codename": "add_avaliacaocrianca"}}, {"model": "auth.permission", "pk": 42, "fields": {"name": "Can change avaliacao crianca", "content_type": 11, "codename": "change_avaliacaocrianca"}}, {"model": "auth.permission", "pk": 43, "fields": {"name": "Can delete avaliacao crianca", "content_type": 11, "codename": "delete_avaliacaocrianca"}}, {"model": "auth.permission", "pk": 44, "fields": {"name": "Can view avaliacao crianca", "content_type": 11, "codename": "view_avaliacaocrianca"}}, {"model": "auth.permission", "pk": 45, "fields": {"name": "Can add adipometria", "content_type": 12, "codename": "add_adipometria"}}, {"model": "auth.permission", "pk": 46, "fields": {"name": "Can change adipometria", "content_type": 12, "codename": "change_adipometria"}}, {"model": "auth.permission", "pk": 47, "fields": {"name": "Can delete adipometria", "content_type": 12, "codename": "delete_adipometria"}}, {"model": "auth.permission", "pk": 48, "fields": {"name": "Can view adipometria", "content_type": 12, "codename": "view_adipometria"}}, {"model": "auth.permission", "pk": 49, "fields": {"name": "Can add avaliacao idoso", "content_type": 13, "codename": "add_avaliacaoidoso"}}, {"model": "auth.permission", "pk": 50, "fields": {"name": "Can change avaliacao idoso", "content_type": 13, "codename": "change_avaliacaoidoso"}}, {"model": "auth.permission", "pk": 51, "fields": {"name": "Can delete avaliacao idoso", "content_type": 13, "codename": "delete_avaliacaoidoso"}}, {"model": "auth.permission", "pk": 52, "fields": {"name": "Can view avaliacao idoso", "content_type": 13, "codename": "view_avaliacaoidoso"}}, {"model": "auth.permission", "pk": 53, "fields": {"name": "Can add circunferencia", "content_type": 14, "codename": "add_circunferencia"}}, {"model": "auth.permission", "pk": 54, "fields": {"name": "Can change circunferencia", "content_type": 14, "codename": "change_circunferencia"}}, {"model": "auth.permission", "pk": 55, "fields": {"name": "Can delete circunferencia", "content_type": 14, "codename": "delete_circunferencia"}}, {"model": "auth.permission", "pk": 56, "fields": {"name": "Can view circunferencia", "content_type": 14, "codename": "view_circunferencia"}}, {"model": "auth.permission", "pk": 57, "fields": {"name": "Can add treino", "content_type": 15, "codename": "add_treino"}}, {"model": "auth.permission", "pk": 58, "fields": {"name": "Can change treino", "content_type": 15, "codename": "change_treino"}}, {"model": "auth.permission", "pk": 59, "fields": {"name": "Can delete treino", "content_type": 15, "codename": "delete_treino"}}, {"model": "auth.permission", "pk": 60, "fields": {"name": "Can view treino", "content_type": 15, "codename": "view_treino"}}, {"model": "auth.permission", "pk": 61, "fields": {"name": "Can add video exercicio", "content_type": 16, "codename": "add_videoexercicio"}}, {"model": "auth.permission", "pk": 62, "fields": {"name": "Can change video exercicio", "content_type": 16, "codename": "change_videoexercicio"}}, {"model": "auth.permission", "pk": 63, "fields": {"name": "Can delete video exercicio", "content_type": 16, "codename": "delete_videoexercicio"}}, {"model": "auth.permission", "pk": 64, "fields": {"name": "Can view video exercicio", "content_type": 16, "codename": "view_videoexercicio"}}, {"model": "auth.permission", "pk": 65, "fields": {"name": "Can add variacao exercicio", "content_type": 17, "codename": "add_variacaoexercicio"}}, {"model": "auth.permission", "pk": 66, "fields": {"name": "Can change variacao exercicio", "content_type": 17, "codename": "change_variacaoexercicio"}}, {"model": "auth.permission", "pk": 67, "fields": {"name": "Can delete variacao exercicio", "content_type": 17, "codename": "delete_variacaoexercicio"}}, {"model": "auth.permission", "pk": 68, "fields": {"name": "Can view variacao exercicio", "content_type": 17, "codename": "view_variacaoexercicio"}}, {"model": "auth.permission", "pk": 69, "fields": {"name": "Can add exercicio treino", "content_type": 18, "codename": "add_exerciciotreino"}}, {"model": "auth.permission", "pk": 70, "fields": {"name": "Can change exercicio treino", "content_type": 18, "codename": "change_exerciciotreino"}}, {"model": "auth.permission", "pk": 71, "fields": {"name": "Can delete exercicio treino", "content_type": 18, "codename": "delete_exerciciotreino"}}, {"model": "auth.permission", "pk": 72, "fields": {"name": "Can view exercicio treino", "content_type": 18, "codename": "view_exerciciotreino"}}, {"model": "auth.group", "pk": 2, "fields": {"name": "Peito", "permissions": []}}, {"model": "auth.group", "pk": 3, "fields": {"name": "Costas", "permissions": []}}, {"model": "auth.group", "pk": 4, "fields": {"name": "Pernas - anterior", "permissions": []}}, {"model": "auth.group", "pk": 5, "fields": {"name": "Pernas - posterior", "permissions": []}}, {"model": "auth.group", "pk": 6, "fields": {"name": "Glúteos", "permissions": []}}, {"model": "auth.group", "pk": 7, "fields": {"name": "Ombros", "permissions": []}}, {"model": "auth.group", "pk": 8, "fields": {"name": "Bíceps", "permissions": []}}, {"model": "auth.group", "pk": 9, "fields": {"name": "Tríceps", "permissions": []}}, {"model": "auth.group", "pk": 10, "fields": {"name": "Panturrilhas", "permissions": []}}, {"model": "auth.group", "pk": 11, "fields": {"name": "Abdominal", "permissions": []}}, {"model": "contenttypes.contenttype", "pk": 1, "fields": {"app_label": "admin", "model": "logentry"}}, {"model": "contenttypes.contenttype", "pk": 2, "fields": {"app_label": "auth", "model": "permission"}}, {"model": "contenttypes.contenttype", "pk": 3, "fields": {"app_label": "auth", "model": "group"}}, {"model": "contenttypes.contenttype", "pk": 4, "fields": {"app_label": "contenttypes", "model": "contenttype"}}, {"model": "contenttypes.contenttype", "pk": 5, "fields": {"app_label": "sessions", "model": "session"}}, {"model": "contenttypes.contenttype", "pk": 6, "fields": {"app_label": "core", "model": "exercicio"}}, {"model": "contenttypes.contenttype", "pk": 7, "fields": {"app_label": "core", "model": "grupomuscular"}}, {"model": "contenttypes.contenttype", "pk": 8, "fields": {"app_label": "core", "model": "usuario"}}, {"model": "contenttypes.contenttype", "pk": 9, "fields": {"app_label": "core", "model": "aluno"}}, {"model": "contenttypes.contenttype", "pk": 10, "fields": {"app_label": "core", "model": "avaliacaofisica"}}, {"model": "contenttypes.contenttype", "pk": 11, "fields": {"app_label": "core", "model": "avaliacaocrianca"}}, {"model": "contenttypes.contenttype", "pk": 12, "fields": {"app_label": "core", "model": "adipometria"}}, {"model": "contenttypes.contenttype", "pk": 13, "fields": {"app_label": "core", "model": "avaliacaoidoso"}}, {"model": "contenttypes.contenttype", "pk": 14, "fields": {"app_label": "core", "model": "circunferencia"}}, {"model": "contenttypes.contenttype", "pk": 15, "fields": {"app_label": "core", "model": "treino"}}, {"model": "contenttypes.contenttype", "pk": 16, "fields": {"app_label": "core", "model": "videoexercicio"}}, {"model": "contenttypes.contenttype", "pk": 17, "fields": {"app_label": "core", "model": "variacaoexercicio"}}, {"model": "contenttypes.contenttype", "pk": 18, "fields": {"app_label": "core", "model": "exerciciotreino"}}, {"model": "sessions.session", "pk": "020xne1lbrw2l1xz0n28j0955m19apt0", "fields": {"session_data": ".eJxVjLEOwjAMRP8lM4qSNlVtRna-IbJjQwookZp2Qvw7rdQBttO9d_c2kdYlx7XpHCcxZ-PN6bdjSk8tO5AHlXu1qZZlntjuij1os9cq-roc7t9Bppa3tQJwIocDBA8qpC7xjb1QAhJgFwbXseCWdCQEDMCBsRtVOfXYs_l8ARDfOPg:1wRCjM:mL1pOGuSl0l0kTX8qDDdFwbIAFkiGh91gFo4d828xJg", "expire_date": "2026-06-07T17:35:16.965Z"}}, {"model": "sessions.session", "pk": "7e25imxxh3ge6cd85cs1t2xpn29sa00i", "fields": {"session_data": ".eJxVjLEOwjAMRP8lM4qSNlVtRna-IbJjQwookZp2Qvw7rdQBttO9d_c2kdYlx7XpHCcxZ-PN6bdjSk8tO5AHlXu1qZZlntjuij1os9cq-roc7t9Bppa3tQJwIocDBA8qpC7xjb1QAhJgFwbXseCWdCQEDMCBsRtVOfXYs_l8ARDfOPg:1wMQ1G:zLoMxSWLu_ARxe3B01mxcIAfGPa3_F5VpK8wYGDi0KU", "expire_date": "2026-05-25T12:45:58.305Z"}}, {"model": "sessions.session", "pk": "9j36s7z7yekcy19s592zr7v4wnjy9hre", "fields": {"session_data": ".eJxVjLEOwjAMRP8lM4qSNlVtRna-IbJjQwookZp2Qvw7rdQBttO9d_c2kdYlx7XpHCcxZ-PN6bdjSk8tO5AHlXu1qZZlntjuij1os9cq-roc7t9Bppa3tQJwIocDBA8qpC7xjb1QAhJgFwbXseCWdCQEDMCBsRtVOfXYs_l8ARDfOPg:1wP2Wg:p1PSujhI95bh85YVJIwa55Enu2nsR0To97BaKKxbgFg", "expire_date": "2026-06-01T18:17:14.356Z"}}, {"model": "sessions.session", "pk": "b55xcpe54wjfxxfczuqnop1dss4zpk6x", "fields": {"session_data": ".eJxVjLEOwjAMRP8lM4qSNlVtRna-IbJjQwookZp2Qvw7rdQBttO9d_c2kdYlx7XpHCcxZ-PN6bdjSk8tO5AHlXu1qZZlntjuij1os9cq-roc7t9Bppa3tQJwIocDBA8qpC7xjb1QAhJgFwbXseCWdCQEDMCBsRtVOfXYs_l8ARDfOPg:1wP2pc:O76ySlPRMOBy0U97kqtnPeENOOq9Qo6M7_aHCSbU4H4", "expire_date": "2026-06-01T18:36:48.505Z"}}, {"model": "sessions.session", "pk": "gmw68h23rhbfj8xhtdmuozwmmseokve5", "fields": {"session_data": ".eJxVjDsOwjAQBe_iGln-rhNKes4Q7XrXOIAcKZ8KcXeIlALaNzPvpQbc1jpsi8zDyOqsrDr9boT5IW0HfMd2m3Se2jqPpHdFH3TR14nleTncv4OKS_3WgKkECtFlcB48xBwTUWeJBawBw2I7Et_HwCWUxB7RgXG5F7JiPKj3B9ljN8Y:1wGQAZ:DUHZnqhNYkFMKEhNr-VMXlaTP2kvKDtVI3BDk9lNdLg", "expire_date": "2026-05-08T23:42:47.951Z"}}, {"model": "sessions.session", "pk": "gy8mr9gydyl20spy719ykxmn1plp4348", "fields": {"session_data": ".eJxVjLEOwjAMRP8lM4qSNlVtRna-IbJjQwookZp2Qvw7rdQBttO9d_c2kdYlx7XpHCcxZ-PN6bdjSk8tO5AHlXu1qZZlntjuij1os9cq-roc7t9Bppa3tQJwIocDBA8qpC7xjb1QAhJgFwbXseCWdCQEDMCBsRtVOfXYs_l8ARDfOPg:1wP2X7:Cbh-WLkTIG4w13uzh6nSuLVjqfqqfv7RPKc8-Y50PMo", "expire_date": "2026-06-01T18:17:41.766Z"}}, {"model": "sessions.session", "pk": "hlkd7z33706120bbiys7dqhte6x2de1n", "fields": {"session_data": ".eJxVjLEOwjAMRP8lM4qSNlVtRna-IbJjQwookZp2Qvw7rdQBttO9d_c2kdYlx7XpHCcxZ-PN6bdjSk8tO5AHlXu1qZZlntjuij1os9cq-roc7t9Bppa3tQJwIocDBA8qpC7xjb1QAhJgFwbXseCWdCQEDMCBsRtVOfXYs_l8ARDfOPg:1wP2sh:CYAOnFxFqkOYJfUtdi0NIoF_kCChrQZ6G9_c2n6xb4g", "expire_date": "2026-06-01T18:39:59.732Z"}}, {"model": "sessions.session", "pk": "kec5p2mp3nhc929k9naw50bruf6cdhde", "fields": {"session_data": ".eJxVjLEOwjAMRP8lM4qSNlVtRna-IbJjQwookZp2Qvw7rdQBttO9d_c2kdYlx7XpHCcxZ-PN6bdjSk8tO5AHlXu1qZZlntjuij1os9cq-roc7t9Bppa3tQJwIocDBA8qpC7xjb1QAhJgFwbXseCWdCQEDMCBsRtVOfXYs_l8ARDfOPg:1wP2WS:63HFYje8ssOeFQqz-IXSINhGj0fzVgBsnH724ZGe0Z8", "expire_date": "2026-06-01T18:17:00.927Z"}}, {"model": "sessions.session", "pk": "otnp3llv32wwndord9pr7mysughs5840", "fields": {"session_data": ".eJxVjLEOwjAMRP8lM4qSNlVtRna-IbJjQwookZp2Qvw7rdQBttO9d_c2kdYlx7XpHCcxZ-PN6bdjSk8tO5AHlXu1qZZlntjuij1os9cq-roc7t9Bppa3tQJwIocDBA8qpC7xjb1QAhJgFwbXseCWdCQEDMCBsRtVOfXYs_l8ARDfOPg:1wP2XW:jEb8L4C5V8axQI9l97KY5E3YXl9WMauHHEqjO8r_mRY", "expire_date": "2026-06-01T18:18:06.713Z"}}, {"model": "sessions.session", "pk": "ozgg82ewx51hlulkom7spj186d8xsk6r", "fields": {"session_data": ".eJxVjLEOwjAMRP8lM4qSNlVtRna-IbJjQwookZp2Qvw7rdQBttO9d_c2kdYlx7XpHCcxZ-PN6bdjSk8tO5AHlXu1qZZlntjuij1os9cq-roc7t9Bppa3tQJwIocDBA8qpC7xjb1QAhJgFwbXseCWdCQEDMCBsRtVOfXYs_l8ARDfOPg:1wMvYT:TTyNzrKDxJiKYXbfHpf6jgm8kk_r4x_a5tP66Vz48rM", "expire_date": "2026-05-26T22:26:21.625Z"}}, {"model": "core.usuario", "pk": 1, "fields": {"password": "pbkdf2_sha256$870000$YqufEZTEsuXk4hylcTXo5M$mV2WXfZJr5slnkn9xIjp0dfyWB2Yx5KLhURzf5U7UbM=", "last_login": "2026-05-24T17:35:16.958Z", "is_superuser": true, "username": "mpdev34", "first_name": "", "last_name": "", "is_staff": true, "is_active": true, "date_joined": "2026-04-24T23:38:49.953Z", "email": "mpdev34@gmail.com", "cref": "", "telefone": "", "groups": [], "user_permissions": []}}, {"model": "core.usuario", "pk": 2, "fields": {"password": "pbkdf2_sha256$870000$qnrR2kpV3YqAr7HMBDt1VE$KJXH3qt8EWjkmFty/LtC9gBI0uWQ0bWZPRFfmrAy9QA=", "last_login": null, "is_superuser": false, "username": "aluno-eb2476ad@fitflix.local", "first_name": "", "last_name": "", "is_staff": false, "is_active": true, "date_joined": "2026-04-27T11:13:17.519Z", "email": "aluno-eb2476ad@fitflix.local", "cref": "", "telefone": "", "groups": [], "user_permissions": []}}, {"model": "core.usuario", "pk": 3, "fields": {"password": "pbkdf2_sha256$870000$Ymwr91wRkRuTlUTLzuMZw2$r97zhi/B+uaPRnsokGwsr1RFemWILwZxq5sfQxMkqEw=", "last_login": null, "is_superuser": false, "username": "aluno-d0c391b8@fitflix.local", "first_name": "", "last_name": "", "is_staff": false, "is_active": true, "date_joined": "2026-05-18T18:40:46.941Z", "email": "aluno-d0c391b8@fitflix.local", "cref": "", "telefone": "", "groups": [], "user_permissions": []}}, {"model": "core.usuario", "pk": 4, "fields": {"password": "pbkdf2_sha256$870000$97CM2fxOoTKTVHNuTKlHNi$l2iQ27QSDlCjzRdeLyu4He6wN2ZdXqxJI4nZH1bHVL4=", "last_login": null, "is_superuser": false, "username": "aluno-f96cdadc@fitflix.local", "first_name": "", "last_name": "", "is_staff": false, "is_active": true, "date_joined": "2026-05-18T22:07:45.963Z", "email": "aluno-f96cdadc@fitflix.local", "cref": "", "telefone": "", "groups": [], "user_permissions": []}}, {"model": "core.usuario", "pk": 5, "fields": {"password": "pbkdf2_sha256$870000$w1taUHPb1qSkOlbGpnMXMn$Ts6NBJrvEJK5uxwdOukKuELOjdDZSsUQqBqzv2S0Eqk=", "last_login": null, "is_superuser": false, "username": "aluno-e3b53fc3@fitflix.local", "first_name": "", "last_name": "", "is_staff": false, "is_active": true, "date_joined": "2026-05-19T13:12:14.121Z", "email": "aluno-e3b53fc3@fitflix.local", "cref": "", "telefone": "", "groups": [], "user_permissions": []}}, {"model": "core.usuario", "pk": 6, "fields": {"password": "pbkdf2_sha256$870000$SOEVFN7pmEYgU8DcRidjDf$0VJ7dnTUwcqaKSFPJPXu2mG1/NJBgj0HtJZn//sV0IU=", "last_login": null, "is_superuser": false, "username": "aluno-9fe5efca@fitflix.local", "first_name": "", "last_name": "", "is_staff": false, "is_active": true, "date_joined": "2026-05-19T16:42:02.205Z", "email": "aluno-9fe5efca@fitflix.local", "cref": "", "telefone": "", "groups": [], "user_permissions": []}}, {"model": "core.usuario", "pk": 7, "fields": {"password": "pbkdf2_sha256$870000$mCFFH9fG0i6YMZQrccCu2k$HqmxVJtCvofFsxKYCw9pKUbvEYF36/1tWSe+p1XDYng=", "last_login": null, "is_superuser": false, "username": "aluno-0f578c92@fitflix.local", "first_name": "", "last_name": "", "is_staff": false, "is_active": true, "date_joined": "2026-05-19T17:04:36.800Z", "email": "aluno-0f578c92@fitflix.local", "cref": "", "telefone": "", "groups": [], "user_permissions": []}}, {"model": "core.usuario", "pk": 8, "fields": {"password": "pbkdf2_sha256$870000$ZapLXCT6MwGK5vBAW0y69f$HaQcCcIoMkODLLVM8k6VbuPIjb7C2BtGGunx8wTqia4=", "last_login": null, "is_superuser": false, "username": "aluno-8b11418b@fitflix.local", "first_name": "", "last_name": "", "is_staff": false, "is_active": true, "date_joined": "2026-05-19T22:05:17.125Z", "email": "aluno-8b11418b@fitflix.local", "cref": "", "telefone": "", "groups": [], "user_permissions": []}}, {"model": "core.usuario", "pk": 9, "fields": {"password": "pbkdf2_sha256$870000$G31n1dMY5CB29p2xWWwEz3$dMojhJiL/R5IU3CoEsypvVw1uTWooQQp/Y6Dl2RuX0I=", "last_login": null, "is_superuser": false, "username": "aluno-e399cd2b@fitflix.local", "first_name": "", "last_name": "", "is_staff": false, "is_active": true, "date_joined": "2026-05-19T23:06:43.331Z", "email": "aluno-e399cd2b@fitflix.local", "cref": "", "telefone": "", "groups": [], "user_permissions": []}}, {"model": "core.usuario", "pk": 10, "fields": {"password": "pbkdf2_sha256$870000$W1Eq61CUneO47iArdIkLRD$3HTSDZZka8za2PYAhcnxLIoBbeNKLFMMtPYz+AOMXGA=", "last_login": null, "is_superuser": false, "username": "aluno-b1528c5f@fitflix.local", "first_name": "", "last_name": "", "is_staff": false, "is_active": true, "date_joined": "2026-05-20T12:47:30.077Z", "email": "aluno-b1528c5f@fitflix.local", "cref": "", "telefone": "", "groups": [], "user_permissions": []}}, {"model": "core.usuario", "pk": 11, "fields": {"password": "pbkdf2_sha256$870000$ews3O4O1ZXY6HJpGsUdbOh$RYT4iwtP/khmahhSPA+7eux7fj5fBMCuYRbEuCUFNck=", "last_login": null, "is_superuser": false, "username": "aluno-b0b34792@fitflix.local", "first_name": "", "last_name": "", "is_staff": false, "is_active": true, "date_joined": "2026-05-20T19:36:08.969Z", "email": "aluno-b0b34792@fitflix.local", "cref": "", "telefone": "", "groups": [], "user_permissions": []}}, {"model": "core.usuario", "pk": 12, "fields": {"password": "pbkdf2_sha256$870000$A6reR6kUNXg7eP8j7pvKHq$u1Gq5EvCJ/s+O6QCEUj0goljQjFjzVxEdiNrfIlhbGo=", "last_login": null, "is_superuser": false, "username": "aluno-3fb210bc@fitflix.local", "first_name": "", "last_name": "", "is_staff": false, "is_active": true, "date_joined": "2026-05-20T21:44:49.674Z", "email": "aluno-3fb210bc@fitflix.local", "cref": "", "telefone": "", "groups": [], "user_permissions": []}}, {"model": "core.usuario", "pk": 13, "fields": {"password": "pbkdf2_sha256$870000$0kwevaFbtLTprzbXok8ane$m3QE868STXr+WUD3JTZc/J93FVCgGIQJCZclI7EUOME=", "last_login": null, "is_superuser": false, "username": "aluno-4e503fce@fitflix.local", "first_name": "", "last_name": "", "is_staff": false, "is_active": true, "date_joined": "2026-05-22T16:40:54.018Z", "email": "aluno-4e503fce@fitflix.local", "cref": "", "telefone": "", "groups": [], "user_permissions": []}}, {"model": "core.usuario", "pk": 14, "fields": {"password": "pbkdf2_sha256$870000$JDbGUAeGaeaNOmsRVc52wf$r1xiVaUSrTj0qrfPJXA/XAFrvZSF7gf/TiIbITbg/Qg=", "last_login": null, "is_superuser": false, "username": "aluno-1e5b0bda@fitflix.local", "first_name": "", "last_name": "", "is_staff": false, "is_active": true, "date_joined": "2026-05-22T17:27:39.353Z", "email": "aluno-1e5b0bda@fitflix.local", "cref": "", "telefone": "", "groups": [], "user_permissions": []}}, {"model": "core.usuario", "pk": 15, "fields": {"password": "pbkdf2_sha256$870000$Pq2comNUe0JJYxQ6yEhinx$/aMKS3Lw4/MaCVzZARd4FTcfRDgoZM1lbw6BGhLMx/k=", "last_login": null, "is_superuser": false, "username": "aluno-8ba474d0@fitflix.local", "first_name": "", "last_name": "", "is_staff": false, "is_active": true, "date_joined": "2026-05-24T16:25:27.881Z", "email": "aluno-8ba474d0@fitflix.local", "cref": "", "telefone": "", "groups": [], "user_permissions": []}}, {"model": "core.usuario", "pk": 16, "fields": {"password": "pbkdf2_sha256$870000$KAqvZKMXRzJsWGepdshMPV$cUntmTIlqw/0gNOJkEmypY6zGcvSJFVstq3b8UXLQhM=", "last_login": null, "is_superuser": false, "username": "aluno-0010ebc3@fitflix.local", "first_name": "", "last_name": "", "is_staff": false, "is_active": true, "date_joined": "2026-05-24T17:24:53.019Z", "email": "aluno-0010ebc3@fitflix.local", "cref": "", "telefone": "", "groups": [], "user_permissions": []}}, {"model": "core.usuario", "pk": 17, "fields": {"password": "pbkdf2_sha256$870000$1dgxZ4rauR8dxRhQlwmGrP$XXXabUaq7CI0IVFfF/fVz165RHuE+JMpynS5fSTiwIM=", "last_login": null, "is_superuser": false, "username": "aluno-acc30d32@fitflix.local", "first_name": "", "last_name": "", "is_staff": false, "is_active": true, "date_joined": "2026-05-24T17:35:28.062Z", "email": "aluno-acc30d32@fitflix.local", "cref": "", "telefone": "", "groups": [], "user_permissions": []}}, {"model": "core.usuario", "pk": 18, "fields": {"password": "pbkdf2_sha256$870000$ygS8sP96XkSEwBPIgc3Gp1$UfMaILmLeaynPL+01JyPxBr0bUHTklzieBOhXIl3ePo=", "last_login": null, "is_superuser": false, "username": "aluno-a043dfd4@fitflix.local", "first_name": "", "last_name": "", "is_staff": false, "is_active": true, "date_joined": "2026-05-25T12:55:07.100Z", "email": "aluno-a043dfd4@fitflix.local", "cref": "", "telefone": "", "groups": [], "user_permissions": []}}, {"model": "core.aluno", "pk": 1, "fields": {"user": 2, "nome": "Matheus Pinheiro", "telefone": "", "data_nascimento": "2026-04-27", "objetivo": "", "observacoes": ""}}, {"model": "core.aluno", "pk": 2, "fields": {"user": 3, "nome": "matheus", "telefone": "", "data_nascimento": "2026-05-18", "objetivo": "", "observacoes": ""}}, {"model": "core.aluno", "pk": 3, "fields": {"user": 4, "nome": "matheus", "telefone": "", "data_nascimento": "2026-05-18", "objetivo": "", "observacoes": ""}}, {"model": "core.aluno", "pk": 4, "fields": {"user": 5, "nome": "matheus", "telefone": "", "data_nascimento": "2026-05-19", "objetivo": "", "observacoes": ""}}, {"model": "core.aluno", "pk": 5, "fields": {"user": 6, "nome": "dsadsa", "telefone": "", "data_nascimento": "2026-05-19", "objetivo": "", "observacoes": ""}}, {"model": "core.aluno", "pk": 6, "fields": {"user": 7, "nome": "dsadsa", "telefone": "", "data_nascimento": "2026-05-19", "objetivo": "", "observacoes": ""}}, {"model": "core.aluno", "pk": 7, "fields": {"user": 8, "nome": "dsadsa", "telefone": "", "data_nascimento": "2026-05-19", "objetivo": "", "observacoes": ""}}, {"model": "core.aluno", "pk": 8, "fields": {"user": 9, "nome": "dsadsa", "telefone": "", "data_nascimento": "2026-05-19", "objetivo": "", "observacoes": ""}}, {"model": "core.aluno", "pk": 9, "fields": {"user": 10, "nome": "matheus", "telefone": "", "data_nascimento": "2026-05-20", "objetivo": "", "observacoes": ""}}, {"model": "core.aluno", "pk": 10, "fields": {"user": 11, "nome": "matheus", "telefone": "", "data_nascimento": "2026-05-20", "objetivo": "", "observacoes": ""}}, {"model": "core.aluno", "pk": 11, "fields": {"user": 12, "nome": "matheus", "telefone": "", "data_nascimento": "2026-05-20", "objetivo": "", "observacoes": ""}}, {"model": "core.aluno", "pk": 12, "fields": {"user": 13, "nome": "matheus", "telefone": "", "data_nascimento": "2026-05-22", "objetivo": "", "observacoes": ""}}, {"model": "core.aluno", "pk": 13, "fields": {"user": 14, "nome": "matheus", "telefone": "", "data_nascimento": "2026-05-22", "objetivo": "", "observacoes": ""}}, {"model": "core.aluno", "pk": 14, "fields": {"user": 15, "nome": "dsadsa", "telefone": "", "data_nascimento": "2026-05-24", "objetivo": "", "observacoes": ""}}, {"model": "core.aluno", "pk": 15, "fields": {"user": 16, "nome": "dsadsadsa", "telefone": "", "data_nascimento": "2026-05-24", "objetivo": "", "observacoes": ""}}, {"model": "core.aluno", "pk": 16, "fields": {"user": 17, "nome": "dsadsa", "telefone": "", "data_nascimento": "2026-05-24", "objetivo": "", "observacoes": ""}}, {"model": "core.aluno", "pk": 17, "fields": {"user": 18, "nome": "dsadsadsa", "telefone": "", "data_nascimento": "2026-05-25", "objetivo": "", "observacoes": ""}}, {"model": "core.grupomuscular", "pk": 1, "fields": {"nome": "Peito"}}, {"model": "core.grupomuscular", "pk": 2, "fields": {"nome": "Costas"}}, {"model": "core.grupomuscular", "pk": 3, "fields": {"nome": "Bíceps"}}, {"model": "core.grupomuscular", "pk": 4, "fields": {"nome": "Tríceps"}}, {"model": "core.grupomuscular", "pk": 5, "fields": {"nome": "Ombros"}}, {"model": "core.grupomuscular", "pk": 6, "fields": {"nome": "Pernas anterior"}}, {"model": "core.grupomuscular", "pk": 7, "fields": {"nome": "Pernas posterior"}}, {"model": "core.grupomuscular", "pk": 8, "fields": {"nome": "Glúteos"}}, {"model": "core.grupomuscular", "pk": 9, "fields": {"nome": "Panturrilhas"}}, {"model": "core.grupomuscular", "pk": 10, "fields": {"nome": "Abdômen"}}, {"model": "core.grupomuscular", "pk": 11, "fields": {"nome": "Outros"}}, {"model": "core.grupomuscular", "pk": 12, "fields": {"nome": "Pernas"}}, {"model": "core.grupomuscular", "pk": 13, "fields": {"nome": "Antebraço"}}, {"model": "core.grupomuscular", "pk": 14, "fields": {"nome": "Peitoral"}}, {"model": "core.grupomuscular", "pk": 15, "fields": {"nome": "Cardio Academia"}}, {"model": "core.videoexercicio", "pk": 113, "fields": {"nome": "Supino", "grupo_muscular": 1, "gif": "", "descricao": "Exercicio base para peitoral.", "criado_em": "2026-05-15T17:51:45.494Z"}}, {"model": "core.videoexercicio", "pk": 114, "fields": {"nome": "Crucifixo", "grupo_muscular": 1, "gif": "", "descricao": "", "criado_em": "2026-05-15T17:51:45.542Z"}}, {"model": "core.videoexercicio", "pk": 115, "fields": {"nome": "Remada", "grupo_muscular": 2, "gif": "", "descricao": "", "criado_em": "2026-05-15T17:51:45.582Z"}}, {"model": "core.videoexercicio", "pk": 116, "fields": {"nome": "Puxada", "grupo_muscular": 2, "gif": "", "descricao": "", "criado_em": "2026-05-15T17:51:45.620Z"}}, {"model": "core.videoexercicio", "pk": 117, "fields": {"nome": "Desenvolvimento", "grupo_muscular": 5, "gif": "", "descricao": "", "criado_em": "2026-05-15T17:51:45.654Z"}}, {"model": "core.videoexercicio", "pk": 118, "fields": {"nome": "Elevação lateral", "grupo_muscular": 5, "gif": "", "descricao": "", "criado_em": "2026-05-15T17:51:45.691Z"}}, {"model": "core.videoexercicio", "pk": 119, "fields": {"nome": "Elevação frontal", "grupo_muscular": 5, "gif": "", "descricao": "", "criado_em": "2026-05-15T17:51:45.719Z"}}, {"model": "core.videoexercicio", "pk": 120, "fields": {"nome": "Rosca", "grupo_muscular": 3, "gif": "", "descricao": "", "criado_em": "2026-05-15T17:51:45.746Z"}}, {"model": "core.videoexercicio", "pk": 121, "fields": {"nome": "Tríceps", "grupo_muscular": 4, "gif": "", "descricao": "", "criado_em": "2026-05-15T17:51:45.803Z"}}, {"model": "core.videoexercicio", "pk": 122, "fields": {"nome": "Elevação pélvica", "grupo_muscular": 8, "gif": "", "descricao": "", "criado_em": "2026-05-15T17:51:45.853Z"}}, {"model": "core.videoexercicio", "pk": 123, "fields": {"nome": "Coice", "grupo_muscular": 8, "gif": "", "descricao": "", "criado_em": "2026-05-15T17:51:45.880Z"}}, {"model": "core.videoexercicio", "pk": 124, "fields": {"nome": "Abdução", "grupo_muscular": 8, "gif": "", "descricao": "", "criado_em": "2026-05-15T17:51:45.902Z"}}, {"model": "core.videoexercicio", "pk": 125, "fields": {"nome": "Panturrilha", "grupo_muscular": 9, "gif": "", "descricao": "", "criado_em": "2026-05-15T17:51:45.929Z"}}, {"model": "core.videoexercicio", "pk": 126, "fields": {"nome": "Agachamento", "grupo_muscular": 12, "gif": "", "descricao": "", "criado_em": "2026-05-15T17:51:45.964Z"}}, {"model": "core.videoexercicio", "pk": 127, "fields": {"nome": "Leg press", "grupo_muscular": 12, "gif": "", "descricao": "", "criado_em": "2026-05-15T17:51:46.006Z"}}, {"model": "core.videoexercicio", "pk": 128, "fields": {"nome": "Cadeira extensora", "grupo_muscular": 12, "gif": "", "descricao": "", "criado_em": "2026-05-15T17:51:46.035Z"}}, {"model": "core.videoexercicio", "pk": 129, "fields": {"nome": "Mesa flexora", "grupo_muscular": 12, "gif": "", "descricao": "", "criado_em": "2026-05-15T17:51:46.059Z"}}, {"model": "core.videoexercicio", "pk": 130, "fields": {"nome": "Stiff", "grupo_muscular": 12, "gif": "", "descricao": "", "criado_em": "2026-05-15T17:51:46.083Z"}}, {"model": "core.videoexercicio", "pk": 131, "fields": {"nome": "Afundo", "grupo_muscular": 12, "gif": "", "descricao": "", "criado_em": "2026-05-15T17:51:46.115Z"}}, {"model": "core.videoexercicio", "pk": 133, "fields": {"nome": "Outros", "grupo_muscular": 11, "gif": "", "descricao": "", "criado_em": "2026-05-18T22:41:32.825Z"}}, {"model": "core.videoexercicio", "pk": 134, "fields": {"nome": "Leg", "grupo_muscular": 11, "gif": "", "descricao": "", "criado_em": "2026-05-18T22:41:32.854Z"}}, {"model": "core.videoexercicio", "pk": 135, "fields": {"nome": "Elevacao Lateral", "grupo_muscular": 11, "gif": "", "descricao": "", "criado_em": "2026-05-18T22:41:33.169Z"}}, {"model": "core.videoexercicio", "pk": 136, "fields": {"nome": "Glúteo", "grupo_muscular": 11, "gif": "", "descricao": "", "criado_em": "2026-05-18T22:41:33.246Z"}}, {"model": "core.videoexercicio", "pk": 137, "fields": {"nome": "Flexora", "grupo_muscular": 11, "gif": "", "descricao": "", "criado_em": "2026-05-18T22:41:33.412Z"}}, {"model": "core.videoexercicio", "pk": 138, "fields": {"nome": "Extensora", "grupo_muscular": 11, "gif": "", "descricao": "", "criado_em": "2026-05-18T22:41:34.136Z"}}, {"model": "core.variacaoexercicio", "pk": 665, "fields": {"exercicio": 113, "nome": "Reto barra", "gif": "image/upload/exercicios/gif/supino_inclinado_com_barra.gif", "grupo_muscular": 1}}, {"model": "core.variacaoexercicio", "pk": 666, "fields": {"exercicio": 113, "nome": "Reto halter", "gif": "", "grupo_muscular": 1}}, {"model": "core.variacaoexercicio", "pk": 667, "fields": {"exercicio": 113, "nome": "Inclinado barra", "gif": "image/upload/https://res.cloudinary.com/dkdpsbvri/image/upload/v1779667830/exercicios/gif/variacao-667-inclinado-barra.gif", "grupo_muscular": 1}}, {"model": "core.variacaoexercicio", "pk": 668, "fields": {"exercicio": 113, "nome": "Inclinado halter", "gif": "", "grupo_muscular": 1}}, {"model": "core.variacaoexercicio", "pk": 669, "fields": {"exercicio": 113, "nome": "Máquina", "gif": "image/upload/exercicios/gif/nfhgtschfnb0bb1iibfa", "grupo_muscular": 1}}, {"model": "core.variacaoexercicio", "pk": 670, "fields": {"exercicio": 114, "nome": "Reto halter", "gif": "image/upload/variacao-670-reto-halter.gif", "grupo_muscular": 1}}, {"model": "core.variacaoexercicio", "pk": 671, "fields": {"exercicio": 114, "nome": "Inclinado halter", "gif": "image/upload/exercicios/gif/hwimuve9pczktcgabhcl", "grupo_muscular": 1}}, {"model": "core.variacaoexercicio", "pk": 672, "fields": {"exercicio": 114, "nome": "Máquina", "gif": "", "grupo_muscular": 1}}, {"model": "core.variacaoexercicio", "pk": 673, "fields": {"exercicio": 114, "nome": "Cross (cabo)", "gif": "", "grupo_muscular": 1}}, {"model": "core.variacaoexercicio", "pk": 674, "fields": {"exercicio": 115, "nome": "Curvada barra", "gif": "image/upload/exercicios/gif/srbntgbryqhb8feoxhhg.gif", "grupo_muscular": 2}}, {"model": "core.variacaoexercicio", "pk": 675, "fields": {"exercicio": 115, "nome": "Unilateral halter", "gif": "", "grupo_muscular": 2}}, {"model": "core.variacaoexercicio", "pk": 676, "fields": {"exercicio": 115, "nome": "Máquina", "gif": "image/upload/variacao-676-maquina.gif", "grupo_muscular": 2}}, {"model": "core.variacaoexercicio", "pk": 677, "fields": {"exercicio": 115, "nome": "Cavalinho", "gif": "", "grupo_muscular": 2}}, {"model": "core.variacaoexercicio", "pk": 678, "fields": {"exercicio": 116, "nome": "Frontal aberta", "gif": "", "grupo_muscular": 2}}, {"model": "core.variacaoexercicio", "pk": 679, "fields": {"exercicio": 116, "nome": "Frontal fechada", "gif": "", "grupo_muscular": 2}}, {"model": "core.variacaoexercicio", "pk": 680, "fields": {"exercicio": 116, "nome": "Neutra", "gif": "", "grupo_muscular": 2}}, {"model": "core.variacaoexercicio", "pk": 681, "fields": {"exercicio": 116, "nome": "Supinada", "gif": "", "grupo_muscular": 2}}, {"model": "core.variacaoexercicio", "pk": 682, "fields": {"exercicio": 117, "nome": "Barra", "gif": "image/upload/exercicios/gif/kforsznm3fkaez7zhxuz.gif", "grupo_muscular": 5}}, {"model": "core.variacaoexercicio", "pk": 683, "fields": {"exercicio": 117, "nome": "Halteres", "gif": "image/upload/exercicios/gif/npb19i1ulkfmelg2vpxu", "grupo_muscular": 5}}, {"model": "core.variacaoexercicio", "pk": 684, "fields": {"exercicio": 117, "nome": "Máquina", "gif": "image/upload/exercicios/gif/desenvolvimento_de_ombros_na_maquina_smith.gif", "grupo_muscular": 5}}, {"model": "core.variacaoexercicio", "pk": 685, "fields": {"exercicio": 117, "nome": "Arnold", "gif": "image/upload/variacao-685-arnold.gif", "grupo_muscular": 5}}, {"model": "core.variacaoexercicio", "pk": 686, "fields": {"exercicio": 118, "nome": "Halteres", "gif": "image/upload/https://res.cloudinary.com/dkdpsbvri/image/upload/v1779636048/exercicios/gif/variacao-686-halteres.gif", "grupo_muscular": 5}}, {"model": "core.variacaoexercicio", "pk": 687, "fields": {"exercicio": 118, "nome": "Polia", "gif": "", "grupo_muscular": 5}}, {"model": "core.variacaoexercicio", "pk": 688, "fields": {"exercicio": 118, "nome": "Máquina", "gif": "image/upload/https://res.cloudinary.com/dkdpsbvri/image/upload/v1779636050/exercicios/gif/variacao-688-maquina.gif", "grupo_muscular": 5}}, {"model": "core.variacaoexercicio", "pk": 689, "fields": {"exercicio": 119, "nome": "Barra", "gif": "image/upload/exercicios/gif/hbzwz9mmwtuh2d5qezp5.gif", "grupo_muscular": 5}}, {"model": "core.variacaoexercicio", "pk": 690, "fields": {"exercicio": 119, "nome": "Halteres", "gif": "", "grupo_muscular": 5}}, {"model": "core.variacaoexercicio", "pk": 691, "fields": {"exercicio": 119, "nome": "Polia", "gif": "", "grupo_muscular": 5}}, {"model": "core.variacaoexercicio", "pk": 692, "fields": {"exercicio": 120, "nome": "Direta com barra", "gif": "image/upload/exercicios/gif/qegbkm6qwgaqyfnkjpra.gif", "grupo_muscular": 3}}, {"model": "core.variacaoexercicio", "pk": 693, "fields": {"exercicio": 120, "nome": "Direta com halteres", "gif": "image/upload/exercicios/gif/hdewbxm0etsfd6f57gw6", "grupo_muscular": 3}}, {"model": "core.variacaoexercicio", "pk": 694, "fields": {"exercicio": 120, "nome": "Martelo", "gif": "image/upload/exercicios/gif/jzf4ra9r3ogkuoaj50cg", "grupo_muscular": 3}}, {"model": "core.variacaoexercicio", "pk": 695, "fields": {"exercicio": 120, "nome": "Scott", "gif": "image/upload/exercicios/gif/qhpziupmyo5elumzgjhf", "grupo_muscular": 3}}, {"model": "core.variacaoexercicio", "pk": 696, "fields": {"exercicio": 120, "nome": "No cabo", "gif": "", "grupo_muscular": 3}}, {"model": "core.variacaoexercicio", "pk": 697, "fields": {"exercicio": 120, "nome": "Concentrada", "gif": "image/upload/https://res.cloudinary.com/dkdpsbvri/image/upload/v1779636055/exercicios/gif/variacao-697-concentrada.gif", "grupo_muscular": 3}}, {"model": "core.variacaoexercicio", "pk": 698, "fields": {"exercicio": 120, "nome": "Alternada", "gif": "image/upload/Rosca_alternada_com_halteres_sentado.gif", "grupo_muscular": 3}}, {"model": "core.variacaoexercicio", "pk": 699, "fields": {"exercicio": 121, "nome": "Corda", "gif": "image/upload/exercicios/gif/bixzdykbncwyqaczbuwq.gif", "grupo_muscular": 4}}, {"model": "core.variacaoexercicio", "pk": 700, "fields": {"exercicio": 121, "nome": "Barra reta", "gif": "image/upload/exercicios/gif/triceps_pulley_barra_v.gif", "grupo_muscular": 4}}, {"model": "core.variacaoexercicio", "pk": 701, "fields": {"exercicio": 121, "nome": "Francês", "gif": "image/upload/variacao-701-frances.gif", "grupo_muscular": 4}}, {"model": "core.variacaoexercicio", "pk": 702, "fields": {"exercicio": 121, "nome": "Testa", "gif": "image/upload/variacao-702-testa.gif", "grupo_muscular": 4}}, {"model": "core.variacaoexercicio", "pk": 703, "fields": {"exercicio": 121, "nome": "Coice", "gif": "image/upload/exercicios/gif/eyjrw7ylqa1fyxsse895", "grupo_muscular": 4}}, {"model": "core.variacaoexercicio", "pk": 704, "fields": {"exercicio": 121, "nome": "Banco", "gif": "image/upload/exercicios/gif/vj3ffm19bhjjun0gnbi1.gif", "grupo_muscular": 4}}, {"model": "core.variacaoexercicio", "pk": 705, "fields": {"exercicio": 122, "nome": "Barra", "gif": "image/upload/exercicios/gif/kqbpmqv0vduspijtmxym.gif", "grupo_muscular": 8}}, {"model": "core.variacaoexercicio", "pk": 706, "fields": {"exercicio": 122, "nome": "Smith", "gif": "image/upload/https://res.cloudinary.com/dkdpsbvri/image/upload/v1779636065/exercicios/gif/variacao-706-smith.gif", "grupo_muscular": 8}}, {"model": "core.variacaoexercicio", "pk": 707, "fields": {"exercicio": 122, "nome": "Unilateral", "gif": "image/upload/https://res.cloudinary.com/dkdpsbvri/image/upload/v1779636066/exercicios/gif/variacao-707-unilateral.gif", "grupo_muscular": 8}}, {"model": "core.variacaoexercicio", "pk": 708, "fields": {"exercicio": 123, "nome": "Polia", "gif": "image/upload/exercicios/gif/mns8zoztdninoslpfbcf", "grupo_muscular": 8}}, {"model": "core.variacaoexercicio", "pk": 709, "fields": {"exercicio": 123, "nome": "Máquina", "gif": "image/upload/variacao-709-maquina.gif", "grupo_muscular": 8}}, {"model": "core.variacaoexercicio", "pk": 710, "fields": {"exercicio": 124, "nome": "Máquina", "gif": "image/upload/variacao-710-maquina.gif", "grupo_muscular": 8}}, {"model": "core.variacaoexercicio", "pk": 711, "fields": {"exercicio": 124, "nome": "Polia", "gif": "", "grupo_muscular": 8}}, {"model": "core.variacaoexercicio", "pk": 712, "fields": {"exercicio": 124, "nome": "Elástico", "gif": "", "grupo_muscular": 8}}, {"model": "core.variacaoexercicio", "pk": 713, "fields": {"exercicio": 125, "nome": "Em pé", "gif": "", "grupo_muscular": 9}}, {"model": "core.variacaoexercicio", "pk": 714, "fields": {"exercicio": 125, "nome": "Sentado", "gif": "image/upload/variacao-714-sentado.gif", "grupo_muscular": 9}}, {"model": "core.variacaoexercicio", "pk": 715, "fields": {"exercicio": 125, "nome": "Leg press", "gif": "image/upload/exercicios/gif/uhye3mtmaes0zeu9h1ny.gif", "grupo_muscular": 9}}, {"model": "core.variacaoexercicio", "pk": 716, "fields": {"exercicio": 125, "nome": "Smith", "gif": "image/upload/exercicios/gif/dyqpnsnz3wn0avxmyrsj", "grupo_muscular": 9}}, {"model": "core.variacaoexercicio", "pk": 717, "fields": {"exercicio": 126, "nome": "Livre", "gif": "", "grupo_muscular": 12}}, {"model": "core.variacaoexercicio", "pk": 718, "fields": {"exercicio": 126, "nome": "Smith", "gif": "image/upload/exercicios/gif/iljaudkdredu0qpci1f0.gif", "grupo_muscular": 12}}, {"model": "core.variacaoexercicio", "pk": 719, "fields": {"exercicio": 126, "nome": "Frontal", "gif": "", "grupo_muscular": 12}}, {"model": "core.variacaoexercicio", "pk": 720, "fields": {"exercicio": 126, "nome": "Hack", "gif": "image/upload/https://res.cloudinary.com/dkdpsbvri/image/upload/v1779636080/exercicios/gif/variacao-720-hack.gif", "grupo_muscular": 12}}, {"model": "core.variacaoexercicio", "pk": 721, "fields": {"exercicio": 126, "nome": "Sumô", "gif": "image/upload/exercicios/gif/prk8vur4bdg8852p1o65.gif", "grupo_muscular": 12}}, {"model": "core.variacaoexercicio", "pk": 722, "fields": {"exercicio": 127, "nome": "45°", "gif": "image/upload/exercicios/gif/oegbqjangrqxhtr2sfey.gif", "grupo_muscular": 12}}, {"model": "core.variacaoexercicio", "pk": 723, "fields": {"exercicio": 127, "nome": "Horizontal", "gif": "image/upload/https://res.cloudinary.com/dkdpsbvri/image/upload/v1779636082/exercicios/gif/variacao-723-horizontal.gif", "grupo_muscular": 12}}, {"model": "core.variacaoexercicio", "pk": 724, "fields": {"exercicio": 127, "nome": "Unilateral", "gif": "image/upload/https://res.cloudinary.com/dkdpsbvri/image/upload/v1779636084/exercicios/gif/variacao-724-unilateral.gif", "grupo_muscular": 12}}, {"model": "core.variacaoexercicio", "pk": 725, "fields": {"exercicio": 128, "nome": "Unilateral", "gif": "", "grupo_muscular": 12}}, {"model": "core.variacaoexercicio", "pk": 726, "fields": {"exercicio": 128, "nome": "Bilateral", "gif": "", "grupo_muscular": 12}}, {"model": "core.variacaoexercicio", "pk": 727, "fields": {"exercicio": 129, "nome": "Unilateral", "gif": "image/upload/exercicios/gif/ubtsc4vasfzbdhehxa7o", "grupo_muscular": 12}}, {"model": "core.variacaoexercicio", "pk": 728, "fields": {"exercicio": 129, "nome": "Bilateral", "gif": "image/upload/Mesa_flexora.gif", "grupo_muscular": 12}}, {"model": "core.variacaoexercicio", "pk": 729, "fields": {"exercicio": 130, "nome": "Barra", "gif": "image/upload/exercicios/gif/j1rtwwkdseyvqbblhm0s.gif", "grupo_muscular": 12}}, {"model": "core.variacaoexercicio", "pk": 730, "fields": {"exercicio": 130, "nome": "Halteres", "gif": "", "grupo_muscular": 12}}, {"model": "core.variacaoexercicio", "pk": 731, "fields": {"exercicio": 130, "nome": "Smith", "gif": "", "grupo_muscular": 12}}, {"model": "core.variacaoexercicio", "pk": 732, "fields": {"exercicio": 131, "nome": "Livre", "gif": "image/upload/Agachamento_Búlgaro_com_Barra_izjZ3Fc.gif", "grupo_muscular": 12}}, {"model": "core.variacaoexercicio", "pk": 733, "fields": {"exercicio": 131, "nome": "Smith", "gif": "", "grupo_muscular": 12}}, {"model": "core.variacaoexercicio", "pk": 734, "fields": {"exercicio": 131, "nome": "Passada", "gif": "", "grupo_muscular": 12}}, {"model": "core.variacaoexercicio", "pk": 736, "fields": {"exercicio": 133, "nome": "Barra Fixa", "gif": "image/upload/https://res.cloudinary.com/dkdpsbvri/image/upload/v1779636087/exercicios/gif/variacao-736-barra-fixa.gif", "grupo_muscular": null}}, {"model": "core.variacaoexercicio", "pk": 737, "fields": {"exercicio": 134, "nome": "Elevação De Panturrilha No Leg Press", "gif": "image/upload/exercicios/gif/sqlvi4shz9zzwvk0ec0x.gif", "grupo_muscular": null}}, {"model": "core.variacaoexercicio", "pk": 738, "fields": {"exercicio": 126, "nome": "Agachamento Hack", "gif": "image/upload/exercicios/gif/agachamento_bulgaro_com_barra.gif", "grupo_muscular": null}}, {"model": "core.variacaoexercicio", "pk": 739, "fields": {"exercicio": 133, "nome": "Máquina De Abdução De Quadril", "gif": "image/upload/https://res.cloudinary.com/dkdpsbvri/image/upload/v1779636091/exercicios/gif/variacao-739-maquina-de-abducao-de-quadril.gif", "grupo_muscular": null}}, {"model": "core.variacaoexercicio", "pk": 740, "fields": {"exercicio": 126, "nome": "Agachamento Sumô Com Barra", "gif": "image/upload/https://res.cloudinary.com/dkdpsbvri/image/upload/v1779636093/exercicios/gif/variacao-740-agachamento-sumo-com-barra.gif", "grupo_muscular": null}}, {"model": "core.variacaoexercicio", "pk": 741, "fields": {"exercicio": 133, "nome": "Elevação Pélvica Na Máquina Smith", "gif": "image/upload/https://res.cloudinary.com/dkdpsbvri/image/upload/v1779636094/exercicios/gif/variacao-741-elevacao-pelvica-na-maquina-smith.gif", "grupo_muscular": null}}, {"model": "core.variacaoexercicio", "pk": 742, "fields": {"exercicio": 121, "nome": "Tríceps Francês Com Halter Bilateral", "gif": "image/upload/exercicios/gif/extensao_de_triceps_com_haltere_em_pronacao_com_um_braco.gif", "grupo_muscular": null}}, {"model": "core.variacaoexercicio", "pk": 743, "fields": {"exercicio": 114, "nome": "Crucifixo Com Halteres", "gif": "image/upload/https://res.cloudinary.com/dkdpsbvri/image/upload/v1779636097/exercicios/gif/variacao-743-crucifixo-com-halteres.gif", "grupo_muscular": null}}, {"model": "core.variacaoexercicio", "pk": 744, "fields": {"exercicio": 126, "nome": "Agachamento Sumô", "gif": "image/upload/exercicios/gif/vwd5ggpsjjmhzfjrzwre", "grupo_muscular": null}}, {"model": "core.variacaoexercicio", "pk": 745, "fields": {"exercicio": 126, "nome": "Agachamento No Smith", "gif": "image/upload/https://res.cloudinary.com/dkdpsbvri/image/upload/v1779636099/exercicios/gif/variacao-745-agachamento-no-smith.gif", "grupo_muscular": null}}, {"model": "core.variacaoexercicio", "pk": 746, "fields": {"exercicio": 133, "nome": "Levantamento Frontal Com Barra", "gif": "image/upload/https://res.cloudinary.com/dkdpsbvri/image/upload/v1779636101/exercicios/gif/variacao-746-levantamento-frontal-com-barra.gif", "grupo_muscular": null}}, {"model": "core.variacaoexercicio", "pk": 747, "fields": {"exercicio": 121, "nome": "Tríceps Pulley Corda", "gif": "image/upload/https://res.cloudinary.com/dkdpsbvri/image/upload/v1779636102/exercicios/gif/variacao-747-triceps-pulley-corda.gif", "grupo_muscular": null}}, {"model": "core.variacaoexercicio", "pk": 748, "fields": {"exercicio": 115, "nome": "Remada Sentada Com Cabo", "gif": "image/upload/exercicios/gif/g1aw8iwqj13ilvjg2vfp.gif", "grupo_muscular": null}}, {"model": "core.variacaoexercicio", "pk": 749, "fields": {"exercicio": 133, "nome": "Elevação Pélvica Com Barra", "gif": "image/upload/https://res.cloudinary.com/dkdpsbvri/image/upload/v1779636105/exercicios/gif/variacao-749-elevacao-pelvica-com-barra.gif", "grupo_muscular": null}}, {"model": "core.variacaoexercicio", "pk": 750, "fields": {"exercicio": 121, "nome": "Tríceps No Banco", "gif": "image/upload/https://res.cloudinary.com/dkdpsbvri/image/upload/v1779636106/exercicios/gif/variacao-750-triceps-no-banco.gif", "grupo_muscular": null}}, {"model": "core.variacaoexercicio", "pk": 751, "fields": {"exercicio": 117, "nome": "Desenvolvimento", "gif": "image/upload/https://res.cloudinary.com/dkdpsbvri/image/upload/v1779636107/exercicios/gif/variacao-751-desenvolvimento.gif", "grupo_muscular": null}}, {"model": "core.variacaoexercicio", "pk": 752, "fields": {"exercicio": 121, "nome": "Extensão De Tríceps Com Haltere Em Pronação Com Um Braço", "gif": "image/upload/https://res.cloudinary.com/dkdpsbvri/image/upload/v1779636108/exercicios/gif/variacao-752-extensao-de-triceps-com-haltere-em-pronacao-com-um-braco.gif", "grupo_muscular": null}}, {"model": "core.variacaoexercicio", "pk": 753, "fields": {"exercicio": 120, "nome": "Rosca Bíceps Com Halteres", "gif": "image/upload/https://res.cloudinary.com/dkdpsbvri/image/upload/v1779636110/exercicios/gif/variacao-753-rosca-biceps-com-halteres.gif", "grupo_muscular": null}}, {"model": "core.variacaoexercicio", "pk": 754, "fields": {"exercicio": 135, "nome": "Elevação Lateral De Braços Com Halteres", "gif": "image/upload/https://res.cloudinary.com/dkdpsbvri/image/upload/v1779636111/exercicios/gif/variacao-754-elevacao-lateral-de-bracos-com-halteres.gif", "grupo_muscular": null}}, {"model": "core.variacaoexercicio", "pk": 755, "fields": {"exercicio": 133, "nome": "Cadeira", "gif": "image/upload/https://res.cloudinary.com/dkdpsbvri/image/upload/v1779636113/exercicios/gif/variacao-755-cadeira.gif", "grupo_muscular": null}}, {"model": "core.variacaoexercicio", "pk": 756, "fields": {"exercicio": 116, "nome": "Puxada Alta Com Triângulo", "gif": "image/upload/exercicios/gif/puxada_alta.gif", "grupo_muscular": null}}, {"model": "core.variacaoexercicio", "pk": 757, "fields": {"exercicio": 133, "nome": "Levantamento Frontal Com Anilha", "gif": "image/upload/https://res.cloudinary.com/dkdpsbvri/image/upload/v1779636115/exercicios/gif/variacao-757-levantamento-frontal-com-anilha.gif", "grupo_muscular": null}}, {"model": "core.variacaoexercicio", "pk": 758, "fields": {"exercicio": 136, "nome": "Glúteos Coice Nilateral Polia Baixa", "gif": "image/upload/exercicios/gif/yfrqbpiuixgmpdaqqzp1.gif", "grupo_muscular": null}}, {"model": "core.variacaoexercicio", "pk": 759, "fields": {"exercicio": 120, "nome": "Rosca Scott Com Barra W", "gif": "image/upload/https://res.cloudinary.com/dkdpsbvri/image/upload/v1779636117/exercicios/gif/variacao-759-rosca-scott-com-barra-w.gif", "grupo_muscular": null}}, {"model": "core.variacaoexercicio", "pk": 760, "fields": {"exercicio": 126, "nome": "Agachamento", "gif": "image/upload/https://res.cloudinary.com/dkdpsbvri/image/upload/v1779636119/exercicios/gif/variacao-760-agachamento.gif", "grupo_muscular": null}}, {"model": "core.variacaoexercicio", "pk": 761, "fields": {"exercicio": 133, "nome": "Mesa", "gif": "image/upload/https://res.cloudinary.com/dkdpsbvri/image/upload/v1779636120/exercicios/gif/variacao-761-mesa.gif", "grupo_muscular": null}}, {"model": "core.variacaoexercicio", "pk": 762, "fields": {"exercicio": 133, "nome": "Máquina De Abdução", "gif": "image/upload/Máquina_de_Adução_de_Quadril_TZ95XQe.gif", "grupo_muscular": null}}, {"model": "core.variacaoexercicio", "pk": 763, "fields": {"exercicio": 134, "nome": "Leg Press", "gif": "image/upload/https://res.cloudinary.com/dkdpsbvri/image/upload/v1779636122/exercicios/gif/variacao-763-leg-press.gif", "grupo_muscular": null}}, {"model": "core.variacaoexercicio", "pk": 764, "fields": {"exercicio": 117, "nome": "Desenvolvimento De Ombro No Banco", "gif": "image/upload/Desenvolvimento_de_Ombro_no_Banco_com_Halteres.gif", "grupo_muscular": null}}, {"model": "core.variacaoexercicio", "pk": 765, "fields": {"exercicio": 133, "nome": "Adução Do Quadril Com Cabo", "gif": "image/upload/https://res.cloudinary.com/dkdpsbvri/image/upload/v1779636123/exercicios/gif/variacao-765-aducao-do-quadril-com-cabo.gif", "grupo_muscular": null}}, {"model": "core.variacaoexercicio", "pk": 766, "fields": {"exercicio": 114, "nome": "Crucifixo", "gif": "image/upload/exercicios/gif/ueua1mvwobgpfmxsm8be", "grupo_muscular": null}}, {"model": "core.variacaoexercicio", "pk": 767, "fields": {"exercicio": 137, "nome": "Mesa Flexora", "gif": "image/upload/https://res.cloudinary.com/dkdpsbvri/image/upload/v1779636124/exercicios/gif/variacao-767-mesa-flexora.gif", "grupo_muscular": null}}, {"model": "core.variacaoexercicio", "pk": 768, "fields": {"exercicio": 114, "nome": "Crucifixo Inclinado Cross", "gif": "image/upload/https://res.cloudinary.com/dkdpsbvri/image/upload/v1779636126/exercicios/gif/variacao-768-crucifixo-inclinado-cross.gif", "grupo_muscular": null}}, {"model": "core.variacaoexercicio", "pk": 769, "fields": {"exercicio": 125, "nome": "Elevação De Panturrilha No Smith", "gif": "image/upload/exercicios/gif/cj8exw5pdsszq0tbxdzy.gif", "grupo_muscular": null}}, {"model": "core.variacaoexercicio", "pk": 770, "fields": {"exercicio": 133, "nome": "Stiff Com Barra", "gif": "image/upload/https://res.cloudinary.com/dkdpsbvri/image/upload/v1779636129/exercicios/gif/variacao-770-stiff-com-barra.gif", "grupo_muscular": null}}, {"model": "core.variacaoexercicio", "pk": 771, "fields": {"exercicio": 126, "nome": "Agachamento Búlgaro", "gif": "image/upload/Agachamento_Búlgaro_com_Halteres.gif", "grupo_muscular": null}}, {"model": "core.variacaoexercicio", "pk": 772, "fields": {"exercicio": 117, "nome": "Desenvolvimento De Ombros Na Máquina Smith", "gif": "image/upload/https://res.cloudinary.com/dkdpsbvri/image/upload/v1779636131/exercicios/gif/variacao-772-desenvolvimento-de-ombros-na-maquina-smith.gif", "grupo_muscular": null}}, {"model": "core.variacaoexercicio", "pk": 773, "fields": {"exercicio": 137, "nome": "Cadeira Flexora", "gif": "image/upload/https://res.cloudinary.com/dkdpsbvri/image/upload/v1779636132/exercicios/gif/variacao-773-cadeira-flexora.gif", "grupo_muscular": null}}, {"model": "core.variacaoexercicio", "pk": 774, "fields": {"exercicio": 120, "nome": "Rosca Direta Com Barra W", "gif": "image/upload/https://res.cloudinary.com/dkdpsbvri/image/upload/v1779636133/exercicios/gif/variacao-774-rosca-direta-com-barra-w.gif", "grupo_muscular": null}}, {"model": "core.variacaoexercicio", "pk": 775, "fields": {"exercicio": 125, "nome": "Elevação De Panturrilha Sentado Com Alavanca", "gif": "image/upload/https://res.cloudinary.com/dkdpsbvri/image/upload/v1779636134/exercicios/gif/variacao-775-elevacao-de-panturrilha-sentado-com-alavanca.gif", "grupo_muscular": null}}, {"model": "core.variacaoexercicio", "pk": 776, "fields": {"exercicio": 120, "nome": "Rosca Martelo Com Corda", "gif": "image/upload/https://res.cloudinary.com/dkdpsbvri/image/upload/v1779636136/exercicios/gif/variacao-776-rosca-martelo-com-corda.gif", "grupo_muscular": null}}, {"model": "core.variacaoexercicio", "pk": 777, "fields": {"exercicio": 133, "nome": "Levantamento Frontal Alternado Com Haltere", "gif": "image/upload/https://res.cloudinary.com/dkdpsbvri/image/upload/v1779636137/exercicios/gif/variacao-777-levantamento-frontal-alternado-com-haltere.gif", "grupo_muscular": null}}, {"model": "core.variacaoexercicio", "pk": 778, "fields": {"exercicio": 120, "nome": "Rosca Concentrada", "gif": "image/upload/https://res.cloudinary.com/dkdpsbvri/image/upload/v1779636138/exercicios/gif/variacao-778-rosca-concentrada.gif", "grupo_muscular": null}}, {"model": "core.variacaoexercicio", "pk": 779, "fields": {"exercicio": 126, "nome": "Agachamento Com Halteres No Banco", "gif": "image/upload/https://res.cloudinary.com/dkdpsbvri/image/upload/v1779636140/exercicios/gif/variacao-779-agachamento-com-halteres-no-banco.gif", "grupo_muscular": null}}, {"model": "core.variacaoexercicio", "pk": 780, "fields": {"exercicio": 126, "nome": "Agachamento Búlgaro Com Barra", "gif": "image/upload/https://res.cloudinary.com/dkdpsbvri/image/upload/v1779636141/exercicios/gif/variacao-780-agachamento-bulgaro-com-barra.gif", "grupo_muscular": null}}, {"model": "core.variacaoexercicio", "pk": 781, "fields": {"exercicio": 134, "nome": "Leg Press Unilateral", "gif": "image/upload/https://res.cloudinary.com/dkdpsbvri/image/upload/v1779636143/exercicios/gif/variacao-781-leg-press-unilateral.gif", "grupo_muscular": null}}, {"model": "core.variacaoexercicio", "pk": 782, "fields": {"exercicio": 117, "nome": "Desenvolvimento De Ombros Na Máquina", "gif": "image/upload/https://res.cloudinary.com/dkdpsbvri/image/upload/v1779636144/exercicios/gif/variacao-782-desenvolvimento-de-ombros-na-maquina.gif", "grupo_muscular": null}}, {"model": "core.variacaoexercicio", "pk": 783, "fields": {"exercicio": 133, "nome": "Levantamento Frontal Alternado Com Haltere Sentado", "gif": "image/upload/https://res.cloudinary.com/dkdpsbvri/image/upload/v1779636146/exercicios/gif/variacao-783-levantamento-frontal-alternado-com-haltere-sentado.gif", "grupo_muscular": null}}, {"model": "core.variacaoexercicio", "pk": 784, "fields": {"exercicio": 121, "nome": "Tríceps Coice", "gif": "image/upload/Tríceps_Coice_com_Halteres.gif", "grupo_muscular": null}}, {"model": "core.variacaoexercicio", "pk": 785, "fields": {"exercicio": 136, "nome": "Glúteo Coice Na Máquina", "gif": "image/upload/Glúteo_Coice_Na_Máquina.gif", "grupo_muscular": null}}, {"model": "core.variacaoexercicio", "pk": 786, "fields": {"exercicio": 133, "nome": "Levantamento Frontal Unilateral Com Cabo", "gif": "image/upload/https://res.cloudinary.com/dkdpsbvri/image/upload/v1779636147/exercicios/gif/variacao-786-levantamento-frontal-unilateral-com-cabo.gif", "grupo_muscular": null}}, {"model": "core.variacaoexercicio", "pk": 787, "fields": {"exercicio": 133, "nome": "Máquina De Adução", "gif": "image/upload/Máquina_de_Adução_de_Quadril.gif", "grupo_muscular": null}}, {"model": "core.variacaoexercicio", "pk": 788, "fields": {"exercicio": 135, "nome": "Elevação Lateral Unilateral Com Cabo", "gif": "image/upload/https://res.cloudinary.com/dkdpsbvri/image/upload/v1779636148/exercicios/gif/variacao-788-elevacao-lateral-unilateral-com-cabo.gif", "grupo_muscular": null}}, {"model": "core.variacaoexercicio", "pk": 789, "fields": {"exercicio": 135, "nome": "Máquina De Elevação Lateral", "gif": "image/upload/https://res.cloudinary.com/dkdpsbvri/image/upload/v1779636150/exercicios/gif/variacao-789-maquina-de-elevacao-lateral.gif", "grupo_muscular": null}}, {"model": "core.variacaoexercicio", "pk": 790, "fields": {"exercicio": 121, "nome": "Tríceps Pulley Barra", "gif": "image/upload/https://res.cloudinary.com/dkdpsbvri/image/upload/v1779636151/exercicios/gif/variacao-790-triceps-pulley-barra.gif", "grupo_muscular": null}}, {"model": "core.variacaoexercicio", "pk": 791, "fields": {"exercicio": 133, "nome": "", "gif": "image/upload/Agachamento.gif", "grupo_muscular": null}}, {"model": "core.variacaoexercicio", "pk": 792, "fields": {"exercicio": 133, "nome": "Abdução De Quadril Com Cabo", "gif": "image/upload/https://res.cloudinary.com/dkdpsbvri/image/upload/v1779636153/exercicios/gif/variacao-792-abducao-de-quadril-com-cabo.gif", "grupo_muscular": null}}, {"model": "core.variacaoexercicio", "pk": 793, "fields": {"exercicio": 134, "nome": "Elevação De Panturrilha No Leg Press Horizontal", "gif": "image/upload/https://res.cloudinary.com/dkdpsbvri/image/upload/v1779636154/exercicios/gif/variacao-793-elevacao-de-panturrilha-no-leg-press-horizontal.gif", "grupo_muscular": null}}, {"model": "core.variacaoexercicio", "pk": 794, "fields": {"exercicio": 121, "nome": "Tríceps Francês Com Halter", "gif": "image/upload/https://res.cloudinary.com/dkdpsbvri/image/upload/v1779636156/exercicios/gif/variacao-794-triceps-frances-com-halter.gif", "grupo_muscular": null}}, {"model": "core.variacaoexercicio", "pk": 795, "fields": {"exercicio": 120, "nome": "Rosca Bíceps Com Pegada Fechada Na Barra W", "gif": "image/upload/https://res.cloudinary.com/dkdpsbvri/image/upload/v1779636157/exercicios/gif/variacao-795-rosca-biceps-com-pegada-fechada-na-barra-w.gif", "grupo_muscular": null}}, {"model": "core.variacaoexercicio", "pk": 796, "fields": {"exercicio": 113, "nome": "Supino No Banco Inclinado 30 Graus Com Pegada", "gif": "image/upload/https://res.cloudinary.com/dkdpsbvri/image/upload/v1779667939/exercicios/gif/variacao-796-supino-no-banco-inclinado-30-graus-com-pegada.gif", "grupo_muscular": null}}, {"model": "core.variacaoexercicio", "pk": 797, "fields": {"exercicio": 115, "nome": "Remada Curvada Com Barra", "gif": "image/upload/https://res.cloudinary.com/dkdpsbvri/image/upload/v1779636160/exercicios/gif/variacao-797-remada-curvada-com-barra.gif", "grupo_muscular": null}}, {"model": "core.variacaoexercicio", "pk": 798, "fields": {"exercicio": 115, "nome": "Remada Inclinada Com Cabo", "gif": "image/upload/https://res.cloudinary.com/dkdpsbvri/image/upload/v1779636161/exercicios/gif/variacao-798-remada-inclinada-com-cabo.gif", "grupo_muscular": null}}, {"model": "core.variacaoexercicio", "pk": 799, "fields": {"exercicio": 115, "nome": "Remada Curvada", "gif": "image/upload/exercicios/gif/dausl7zavjn36lhfupwg", "grupo_muscular": null}}, {"model": "core.variacaoexercicio", "pk": 800, "fields": {"exercicio": 120, "nome": "Rosca", "gif": "image/upload/https://res.cloudinary.com/dkdpsbvri/image/upload/v1779636163/exercicios/gif/variacao-800-rosca.gif", "grupo_muscular": null}}, {"model": "core.variacaoexercicio", "pk": 801, "fields": {"exercicio": 133, "nome": "Flexão De Braço", "gif": "image/upload/Flexão_de_braço_com_palmas.gif", "grupo_muscular": null}}, {"model": "core.variacaoexercicio", "pk": 802, "fields": {"exercicio": 116, "nome": "Puxada Com Um Braço Com Cabo", "gif": "image/upload/https://res.cloudinary.com/dkdpsbvri/image/upload/v1779636164/exercicios/gif/variacao-802-puxada-com-um-braco-com-cabo.gif", "grupo_muscular": null}}, {"model": "core.variacaoexercicio", "pk": 803, "fields": {"exercicio": 133, "nome": "Voador No Pec Deck", "gif": "image/upload/https://res.cloudinary.com/dkdpsbvri/image/upload/v1779636165/exercicios/gif/variacao-803-voador-no-pec-deck.gif", "grupo_muscular": null}}, {"model": "core.variacaoexercicio", "pk": 804, "fields": {"exercicio": 120, "nome": "Rosca Alternada Com Halteres Sentado", "gif": "image/upload/https://res.cloudinary.com/dkdpsbvri/image/upload/v1779636167/exercicios/gif/variacao-804-rosca-alternada-com-halteres-sentado.gif", "grupo_muscular": null}}, {"model": "core.variacaoexercicio", "pk": 805, "fields": {"exercicio": 115, "nome": "Remada Sentado Com Cabo Pegada", "gif": "image/upload/https://res.cloudinary.com/dkdpsbvri/image/upload/v1779636168/exercicios/gif/variacao-805-remada-sentado-com-cabo-pegada.gif", "grupo_muscular": null}}, {"model": "core.variacaoexercicio", "pk": 806, "fields": {"exercicio": 138, "nome": "Cadeira Extensora", "gif": "image/upload/https://res.cloudinary.com/dkdpsbvri/image/upload/v1779636170/exercicios/gif/variacao-806-cadeira-extensora.gif", "grupo_muscular": null}}, {"model": "core.variacaoexercicio", "pk": 807, "fields": {"exercicio": 117, "nome": "Desenvolvimento De Ombros Com Halteres Em Pé Com Pegada", "gif": "image/upload/https://res.cloudinary.com/dkdpsbvri/image/upload/v1779636171/exercicios/gif/variacao-807-desenvolvimento-de-ombros-com-halteres-em-pe-com-pegada.gif", "grupo_muscular": null}}, {"model": "core.variacaoexercicio", "pk": 808, "fields": {"exercicio": 113, "nome": "Supino Inclinado Com Barra", "gif": "image/upload/https://res.cloudinary.com/dkdpsbvri/image/upload/v1779636172/exercicios/gif/variacao-808-supino-inclinado-com-barra.gif", "grupo_muscular": null}}, {"model": "core.variacaoexercicio", "pk": 809, "fields": {"exercicio": 121, "nome": "Tríceps Testa Pegada Neutra", "gif": "image/upload/Tríceps_testa_pegada_neutra_com_halteres.gif", "grupo_muscular": null}}, {"model": "core.variacaoexercicio", "pk": 810, "fields": {"exercicio": 113, "nome": "Supino Com Pegada", "gif": "image/upload/https://res.cloudinary.com/dkdpsbvri/image/upload/v1779636174/exercicios/gif/variacao-810-supino-com-pegada.gif", "grupo_muscular": null}}, {"model": "core.variacaoexercicio", "pk": 811, "fields": {"exercicio": 133, "nome": "Máquina De Adução De Quadril", "gif": "image/upload/https://res.cloudinary.com/dkdpsbvri/image/upload/v1779636176/exercicios/gif/variacao-811-maquina-de-aducao-de-quadril.gif", "grupo_muscular": null}}, {"model": "core.variacaoexercicio", "pk": 812, "fields": {"exercicio": 133, "nome": "Máquina De Elevação", "gif": "image/upload/https://res.cloudinary.com/dkdpsbvri/image/upload/v1779636177/exercicios/gif/variacao-812-maquina-de-elevacao.gif", "grupo_muscular": null}}, {"model": "core.variacaoexercicio", "pk": 813, "fields": {"exercicio": 121, "nome": "Tríceps Pulley Barra V", "gif": "image/upload/https://res.cloudinary.com/dkdpsbvri/image/upload/v1779636178/exercicios/gif/variacao-813-triceps-pulley-barra-v.gif", "grupo_muscular": null}}, {"model": "core.variacaoexercicio", "pk": 814, "fields": {"exercicio": 135, "nome": "Elevação Lateral Cruzada", "gif": "image/upload/https://res.cloudinary.com/dkdpsbvri/image/upload/v1779636180/exercicios/gif/variacao-814-elevacao-lateral-cruzada.gif", "grupo_muscular": null}}, {"model": "core.variacaoexercicio", "pk": 815, "fields": {"exercicio": 116, "nome": "Puxada Alta", "gif": "image/upload/https://res.cloudinary.com/dkdpsbvri/image/upload/v1779636181/exercicios/gif/variacao-815-puxada-alta.gif", "grupo_muscular": null}}, {"model": "core.variacaoexercicio", "pk": 816, "fields": {"exercicio": 135, "nome": "Elevação Lateral De Braços", "gif": "image/upload/https://res.cloudinary.com/dkdpsbvri/image/upload/v1779636182/exercicios/gif/variacao-816-elevacao-lateral-de-bracos.gif", "grupo_muscular": null}}, {"model": "core.variacaoexercicio", "pk": 817, "fields": {"exercicio": 113, "nome": "Supino Na Máquina Smith", "gif": "image/upload/https://res.cloudinary.com/dkdpsbvri/image/upload/v1779636184/exercicios/gif/variacao-817-supino-na-maquina-smith.gif", "grupo_muscular": null}}, {"model": "core.variacaoexercicio", "pk": 818, "fields": {"exercicio": 121, "nome": "Tríceps Testa Pegada Neutra Com Halteres", "gif": "image/upload/https://res.cloudinary.com/dkdpsbvri/image/upload/v1779636185/exercicios/gif/variacao-818-triceps-testa-pegada-neutra-com-halteres.gif", "grupo_muscular": null}}, {"model": "core.variacaoexercicio", "pk": 819, "fields": {"exercicio": 133, "nome": "Stiff Com Halter", "gif": "image/upload/https://res.cloudinary.com/dkdpsbvri/image/upload/v1779636187/exercicios/gif/variacao-819-stiff-com-halter.gif", "grupo_muscular": null}}, {"model": "core.variacaoexercicio", "pk": 820, "fields": {"exercicio": 133, "nome": "Elevação Pélvica Unilateral Com Barra", "gif": "image/upload/https://res.cloudinary.com/dkdpsbvri/image/upload/v1779636188/exercicios/gif/variacao-820-elevacao-pelvica-unilateral-com-barra.gif", "grupo_muscular": null}}, {"model": "core.variacaoexercicio", "pk": 821, "fields": {"exercicio": 133, "nome": "Stiff", "gif": "image/upload/exercicios/gif/bjcrtvwsinergmzziwze", "grupo_muscular": null}}, {"model": "core.variacaoexercicio", "pk": 822, "fields": {"exercicio": 117, "nome": "Desenvolvimento De Ombro No Banco Com Halteres", "gif": "image/upload/https://res.cloudinary.com/dkdpsbvri/image/upload/v1779636189/exercicios/gif/variacao-822-desenvolvimento-de-ombro-no-banco-com-halteres.gif", "grupo_muscular": null}}, {"model": "core.variacaoexercicio", "pk": 823, "fields": {"exercicio": 117, "nome": "Desenvolvimento De Ombro Na Máquina Pegada", "gif": "image/upload/https://res.cloudinary.com/dkdpsbvri/image/upload/v1779636190/exercicios/gif/variacao-823-desenvolvimento-de-ombro-na-maquina-pegada.gif", "grupo_muscular": null}}, {"model": "core.variacaoexercicio", "pk": 824, "fields": {"exercicio": 120, "nome": "Rosca Alternada Com Halteres", "gif": "image/upload/https://res.cloudinary.com/dkdpsbvri/image/upload/v1779636192/exercicios/gif/variacao-824-rosca-alternada-com-halteres.gif", "grupo_muscular": null}}, {"model": "core.variacaoexercicio", "pk": 825, "fields": {"exercicio": 117, "nome": "Desenvolvimento Militar Com Barra", "gif": "image/upload/https://res.cloudinary.com/dkdpsbvri/image/upload/v1779636194/exercicios/gif/variacao-825-desenvolvimento-militar-com-barra.gif", "grupo_muscular": null}}, {"model": "core.variacaoexercicio", "pk": 826, "fields": {"exercicio": 121, "nome": "Extensão De Tríceps Com Cabos", "gif": "image/upload/https://res.cloudinary.com/dkdpsbvri/image/upload/v1779636195/exercicios/gif/variacao-826-extensao-de-triceps-com-cabos.gif", "grupo_muscular": null}}, {"model": "core.variacaoexercicio", "pk": 827, "fields": {"exercicio": 133, "nome": "Levantamento Frontal", "gif": "image/upload/exercicios/gif/u22qqfdtcxr1afqy7puz", "grupo_muscular": null}}, {"model": "core.variacaoexercicio", "pk": 828, "fields": {"exercicio": 125, "nome": "Elevação De Panturrilha Sentado", "gif": "image/upload/Elevação_de_Panturrilha_Sentado_com_Alavanca.gif", "grupo_muscular": null}}, {"model": "core.variacaoexercicio", "pk": 829, "fields": {"exercicio": 126, "nome": "Agachamento Hack Invertido", "gif": "image/upload/https://res.cloudinary.com/dkdpsbvri/image/upload/v1779636197/exercicios/gif/variacao-829-agachamento-hack-invertido.gif", "grupo_muscular": null}}, {"model": "core.variacaoexercicio", "pk": 830, "fields": {"exercicio": 134, "nome": "Leg Press Horizontal", "gif": "image/upload/https://res.cloudinary.com/dkdpsbvri/image/upload/v1779636198/exercicios/gif/variacao-830-leg-press-horizontal.gif", "grupo_muscular": null}}, {"model": "core.variacaoexercicio", "pk": 831, "fields": {"exercicio": 115, "nome": "Remada Sentada Na Máquina", "gif": "image/upload/Remada_Sentada_na_Máquina.gif", "grupo_muscular": null}}, {"model": "core.variacaoexercicio", "pk": 832, "fields": {"exercicio": 120, "nome": "Rosca Bíceps", "gif": "image/upload/Rosca_bíceps_com_halteres.gif", "grupo_muscular": null}}, {"model": "core.variacaoexercicio", "pk": 833, "fields": {"exercicio": 121, "nome": "Extensão De Tríceps Com Haltere Unilateral", "gif": "image/upload/https://res.cloudinary.com/dkdpsbvri/image/upload/v1779636200/exercicios/gif/variacao-833-extensao-de-triceps-com-haltere-unilateral.gif", "grupo_muscular": null}}, {"model": "core.treino", "pk": 1, "fields": {"aluno": 1, "nome": "Treino", "descricao": "", "token": "e73f580f-1a2e-4aba-97a1-d3b26da17bc0", "criado_em": "2026-04-27T11:13:18.032Z"}}, {"model": "core.treino", "pk": 2, "fields": {"aluno": 1, "nome": "aaa", "descricao": "", "token": "4d3ff846-d492-4be5-b450-3c1f45369314", "criado_em": "2026-05-18T12:23:49.302Z"}}, {"model": "core.treino", "pk": 7, "fields": {"aluno": 2, "nome": "dsa", "descricao": "", "token": "99f59104-d8df-430d-8242-55aa675b1c4a", "criado_em": "2026-05-18T18:40:47.585Z"}}, {"model": "core.treino", "pk": 8, "fields": {"aluno": 3, "nome": "dsa", "descricao": "", "token": "de06bdbb-6521-449d-b1e0-2176fd009b82", "criado_em": "2026-05-18T22:07:46.617Z"}}, {"model": "core.treino", "pk": 9, "fields": {"aluno": 4, "nome": "Bíceps", "descricao": "", "token": "9c5fd2a9-a161-4f4d-9607-6021c34bafe5", "criado_em": "2026-05-19T13:12:14.782Z"}}, {"model": "core.treino", "pk": 10, "fields": {"aluno": 5, "nome": "dsadsa", "descricao": "", "token": "e8bd5ce5-48ed-45f7-8038-c7f861bb8280", "criado_em": "2026-05-19T16:42:02.878Z"}}, {"model": "core.treino", "pk": 11, "fields": {"aluno": 6, "nome": "dsadsa", "descricao": "", "token": "5add0800-ffe7-41b1-8a67-095ebff8e82b", "criado_em": "2026-05-19T17:04:37.453Z"}}, {"model": "core.treino", "pk": 12, "fields": {"aluno": 7, "nome": "aaa", "descricao": "", "token": "811d7e2e-3a6f-4ecb-84dd-b2d7a012abfe", "criado_em": "2026-05-19T22:05:17.791Z"}}, {"model": "core.treino", "pk": 13, "fields": {"aluno": 8, "nome": "dsadsa", "descricao": "", "token": "1b473454-9cd3-460a-b6ff-c5881d94fcf2", "criado_em": "2026-05-19T23:06:44.004Z"}}, {"model": "core.treino", "pk": 14, "fields": {"aluno": 9, "nome": "aaa", "descricao": "", "token": "ae48f983-f27b-48eb-9447-818846fea606", "criado_em": "2026-05-20T12:47:30.897Z"}}, {"model": "core.treino", "pk": 15, "fields": {"aluno": 10, "nome": "dsa", "descricao": "", "token": "fbd96a61-bd0d-4fb6-ad3b-81ee07992562", "criado_em": "2026-05-20T19:36:09.639Z"}}, {"model": "core.treino", "pk": 16, "fields": {"aluno": 11, "nome": "aaa", "descricao": "", "token": "b90b6ea2-64ac-4d4d-a0f5-a583093fa586", "criado_em": "2026-05-20T21:44:50.322Z"}}, {"model": "core.treino", "pk": 17, "fields": {"aluno": 12, "nome": "aaa", "descricao": "", "token": "92860e4a-8945-46eb-baf8-df4cde293f7d", "criado_em": "2026-05-22T16:40:54.669Z"}}, {"model": "core.treino", "pk": 18, "fields": {"aluno": 13, "nome": "aaa", "descricao": "", "token": "59120514-7396-49a3-a412-47372c689483", "criado_em": "2026-05-22T17:27:40.014Z"}}, {"model": "core.treino", "pk": 19, "fields": {"aluno": 14, "nome": "dsdsa", "descricao": "", "token": "7307afb8-88bd-45f4-8d75-80b9927dafa4", "criado_em": "2026-05-24T16:25:28.539Z"}}, {"model": "core.treino", "pk": 20, "fields": {"aluno": 15, "nome": "dsadsadsa", "descricao": "", "token": "a73f2fc6-9539-4c40-b4f1-5960da402248", "criado_em": "2026-05-24T17:24:53.664Z"}}, {"model": "core.treino", "pk": 21, "fields": {"aluno": 16, "nome": "dsadsa", "descricao": "", "token": "c058116e-241b-4129-86c7-2d4c5cb56096", "criado_em": "2026-05-24T17:35:28.740Z"}}, {"model": "core.treino", "pk": 22, "fields": {"aluno": 9, "nome": "sdadsadsa", "descricao": "", "token": "ed21854b-64b8-4160-b9af-fbb7712de33d", "criado_em": "2026-05-25T00:28:00.588Z"}}, {"model": "core.treino", "pk": 23, "fields": {"aluno": 17, "nome": "dsadsadsa", "descricao": "", "token": "8dab8620-4473-45e1-b316-3eaecb92b184", "criado_em": "2026-05-25T12:55:07.760Z"}}, {"model": "core.exerciciotreino", "pk": 1, "fields": {"treino": 9, "exercicio": 114, "variacao": 768, "series": 3, "repeticoes": 12, "descanso": 60, "carga": "", "ordem": 1}}, {"model": "core.exerciciotreino", "pk": 2, "fields": {"treino": 15, "exercicio": 131, "variacao": 732, "series": 3, "repeticoes": 12, "descanso": 60, "carga": "", "ordem": 1}}, {"model": "core.exerciciotreino", "pk": 3, "fields": {"treino": 16, "exercicio": 124, "variacao": 710, "series": 3, "repeticoes": 12, "descanso": 60, "carga": "", "ordem": 1}}, {"model": "core.exercicio", "pk": 1, "fields": {"nome": "Outros"}}]